"Site.Name","observer","observer_no","date","obs_time","phone_location","species","waypoint_ID","x_observer","y_observer","left_or_right","transect_bearing","right_angle","bearing_to_animal","distance_to_animal","distance_on_transect","obs_type","color_morph","behavior","tree_species","n_animals","comments","seen_by_obs1","seen_by_obs2","seen_by_both","TAXON_ID","SCIENTIFIC_NAME","X-coordinate (easting or longitude)","Y-coordinate (easting or longitude)","obs_n"
"ARI BBRR 20","CS",1,"24/08/2022","20:42:00","-37.3148783,148.998425","Sugar Glider","aribrr20cs2","",NA,"left",210,"Yes",180,22,500,"s","grey","idle","Eucalyptus sieberiana ",1,"",1,0,NA,11138,"Petaurus breviceps",148.998425,37.3148783,1
"ARI BBRR 20","BW",2,"24/08/2022","20:34:00","-37.3136817,148.9978083","Southern Greater Glider","ARI 20 BW 3","37.313575",148.998039,"right",160,"No",175,29,336,"s","brown","idle","Eucalyptus sieberi ",1,"",1,1,1,11133,"Petauroides volans",148.9978083,37.3136817,2
"ARI BBRR 20","BW",2,"24/08/2022","20:29:00","-37.3133833,148.998025","Southern Greater Glider","ARI 20 BW 2","37.313428",148.998028,"right",160,"Yes",NA,11.1,314,"s","brown","idle","Eucalyptus sieberi ",1,"",1,1,1,11133,"Petauroides volans",148.998025,37.3133833,3
"ARI BBRR 20","CS",1,"24/08/2022","20:15:00","-37.313275,148.99802","Southern Greater Glider","aribrr20cs2","37.313173",148.997978,"right",210,"No",180,13.8,244,"s","grey","idle","Eucalyptus sieberiana ",1,"",1,1,1,11133,"Petauroides volans",148.99802,37.313275,4
"ARI BBRR 20","CS",1,"24/08/2022","20:15:00","-37.3129767,148.99796","Southern Greater Glider","aribrr20cs1","37.313034",148.997961,"right",210,"Yes",NA,69.8,226,"s","grey","idle","Eucalyptus sieberiana ",1,"",1,1,1,11133,"Petauroides volans",148.99796,37.3129767,5
"ARI BBRR 20","BW",2,"24/08/2022","20:05:00","-37.3123017,148.997235","Southern Greater Glider","ARI 20 BW","37.312272",148.997193,"right",90,"Yes",NA,20.6,113,"s","black","moving","Eucalyptus denticulata ",1,"",1,0,NA,11133,"Petauroides volans",148.997235,37.3123017,6
"ARI BBRR 26","CS",2,"22/08/2022","22:30:00","-37.2046683,148.9658417","Southern Greater Glider","Ari 26bw3","37.204679",148.965477,"left",46,"Yes",NA,55,485,"s","black","idle","eucalyptus ",1,"",1,0,NA,11133,"Petauroides volans",148.9658417,37.2046683,7
"ARI BBRR 26","CS",2,"22/08/2022","22:26:00","-37.2038083,148.9672533","Mountain Brush-tailed Possum","","",NA,"right",46,"Yes",NA,440,100,"h","brown","idle","",1,"",1,0,NA,11115,"Trichosurus cunninghami",148.9672533,37.2038083,8
"ARI BBRR 26","CS",2,"22/08/2022","22:19:00","-37.2051367,148.9643533","Southern Greater Glider","Ari 26bw2","37.20524",148.964311,"left",46,"Yes",NA,19.1,355,"s","brown","idle","eucalyptus croajingolensis ",2,"",1,1,1,11133,"Petauroides volans",148.9643533,37.2051367,9
"ARI BBRR 26","JS",1,"22/08/2022","22:03:00"," -37.2076283,148.9625217","Southern Greater Glider","","37.205273",148.964148,"left",45,"No",5,18.6,360,"s","black","idle","",2,"",1,1,1,11133,"Petauroides volans",148.9625217,37.2076283,10
"ARI BBRR 26","CS",2,"22/08/2022","21:30:00","-37.2074883,148.962435","Southern Greater Glider","Ari 26bw1","37.207573",148.962663,"right",350,"Yes",NA,30.3,25,"s","brown","idle","Eucalyptus denticulata ",1,"",1,0,NA,11133,"Petauroides volans",148.962435,37.2074883,11
"ARI BBRR 26","JS",1,"22/08/2022","21:18:00"," -37.2076283,148.9625217","Sugar Glider","","",NA,"left",350,"Yes",NA,NA,12,"s","grey","moving","Eucalyptus ",1,"",1,0,NA,11138,"Petaurus breviceps",148.9625217,37.2076283,12
"ARI BBRR 26","JS",1,"22/08/2022","21:13:00","-37.207575,148.9622267","Domestic Cat (feral)","","",NA,"right",350,"Yes",NA,NA,0,"h","grey","idle","Eucalyptus ",1,"",1,0,NA,11536,"Felis catus",148.9622267,37.207575,13
"ARI BBRR 35","CS",1,"22/08/2022","19:06:00","-37.18222,148.9853533","Mountain Brush-tailed Possum","","",NA,"left",110,"Yes",NA,57.9,350,"s","grey","idle","ground",2,"",1,0,NA,11115,"Trichosurus cunninghami",148.9853533,37.18222,14
"ARI BBRR 35","JS",2,"22/08/2022","19:11:00","-37.1822583,148.982685","Sugar Glider","","",NA,"left",110,"Yes",NA,34.6,23,"s","grey","moving","Eucalyptus ",1,"",1,0,NA,11138,"Petaurus breviceps",148.982685,37.1822583,15
"ARI BBRR 35","CS",1,"22/08/2022","19:06:00","-37.1823333,148.983395","Sugar Glider","","",NA,"right",110,"Yes",NA,21.8,55,"s","grey","idle","Eucalyptus croajingolensis ",1,"",1,0,NA,11138,"Petaurus breviceps",148.983395,37.1823333,16
"T3P1","BW",2,"21/08/2022","21:27:00","-37.2530667,148.8472817","Mountain Brush-tailed Possum","","",NA,"left",308,"Yes",NA,23,304,"s","grey","idle","Acacia dealbata ",1,"",1,0,NA,11115,"Trichosurus cunninghami",148.8472817,37.2530667,17
"T3P1","BW",2,"21/08/2022","21:27:00","-37.253475,148.8476683","Sugar Glider","","",NA,"left",308,"Yes",NA,15,225,"s","grey","idle","Eucalyptus ",1,"gliding ",1,0,NA,11138,"Petaurus breviceps",148.8476683,37.253475,18
"T3P1","BW",2,"21/08/2022","21:27:00","-37.2535933,148.8474917","Australian Owlet-nightjar","","",NA,"right",308,"Yes",NA,100,218,"h","grey","idle","Eucalyptus ",1,"",1,0,NA,10317,"Aegotheles cristatus",148.8474917,37.2535933,19
"T3P1","BW",2,"21/08/2022","21:00:00","-37.25551,148.8487083","Yellow-bellied Glider","","",NA,"right",308,"Yes",NA,100,23,"h","grey","idle","Eucalyptus ",1,"",1,0,NA,11136,"Petaurus australis",148.8487083,37.25551,20
"T3P1","BW",2,"21/08/2022","20:56:00","-37.2556033,148.8487267","Southern Boobook","","",NA,"right",308,"Yes",NA,100,1,"h","grey","idle","Eucalyptus ",1,"",1,0,NA,10242,"Ninox boobook",148.8487267,37.2556033,21
"T3P4","CS",2,"21/08/2022","19:37:00","-37.2812733,148.88423","Mountain Brush-tailed Possum","","",NA,"right",180,"Yes",NA,10.8,305,"s","grey","idle","acacia dealbata ",1,"",1,0,NA,11115,"Trichosurus cunninghami",148.88423,37.2812733,22
"T3P4","BW",1,"21/08/2022","19:11:00","-37.278175,148.8916083","Mountain Brush-tailed Possum","","",NA,"right",184,"Yes",NA,100,111,"h","grey","idle","Acacia dealbata ",1,"",1,0,NA,11115,"Trichosurus cunninghami",148.8916083,37.278175,23
"T3P4","BW",1,"21/08/2022","19:06:00","-37.278995,148.8870817","Mountain Brush-tailed Possum","","",NA,"left",184,"Yes",NA,52.1,80,"s","grey","idle","Cassinia ",1,"",1,0,NA,11115,"Trichosurus cunninghami",148.8870817,37.278995,24
"T35P5","BW",1,"20/08/2022","22:32:00","-37.1317583,148.83624","Southern Boobook","","",NA,"left",100,"Yes",NA,100,0,"h","brown","idle","",1,"",1,0,NA,10242,"Ninox boobook",148.83624,37.1317583,25
"T35P5","CS",2,"20/08/2022","22:17:00","-37.1355217,148.8316683","Southern Greater Glider","T35P5 cs2","37.135673",148.832108,"right",201,"No",274,48.1,480,"s","black","idle","Eucalyptus peppermint ",1,"",0,1,NA,11133,"Petauroides volans",148.8316683,37.1355217,26
"T35P5","CS",2,"20/08/2022","22:02:00","-37.1350067,148.8326133","Mountain Brush-tailed Possum","","",NA,"left",201,"Yes",130,51,400,"s","grey","idle","eucalyptus ",1,"",0,1,NA,11115,"Trichosurus cunninghami",148.8326133,37.1350067,27
"T35P5","CS",2,"20/08/2022","21:51:00","-37.1343617,148.8336817","Mountain Brush-tailed Possum","","",NA,"left",205,"No",130,45.6,275,"s","grey","idle","acacia dealbata ",1,"",0,1,NA,11115,"Trichosurus cunninghami",148.8336817,37.1343617,28
"T35P5","CS",2,"20/08/2022","21:49:00","-37.13416,148.8336383","Mountain Brush-tailed Possum","","",NA,"left",205,"Yes",75,25.2,275,"s","grey","idle","acacia dealbata ",1,"",0,1,NA,11115,"Trichosurus cunninghami",148.8336383,37.13416,29
"T35P5","CS",2,"20/08/2022","21:47:00","-37.1340167,148.833845","Mountain Brush-tailed Possum","","",NA,"left",205,"No",75,15,265,"s","grey","idle","Eucalyptus peppermint ",1,"",0,1,NA,11115,"Trichosurus cunninghami",148.833845,37.1340167,30
"T35P5","CS",2,"20/08/2022","21:41:00","-37.1338417,148.8338983","Southern Greater Glider","T35P5 cs1","37.134231",148.833731,"left",205,"Yes",NA,23.6,265,"s","black","idle","Eucalyptus peppermint ",1,"",0,1,NA,11133,"Petauroides volans",148.8338983,37.1338417,31
"T35P5","BW",1,"20/08/2022","21:39:00","-37.1345783,148.8331817","Southern Boobook","","",NA,"right",205,"Yes",NA,100,315,"h","brown","idle","",1,"",1,0,NA,10242,"Ninox boobook",148.8331817,37.1345783,32
"T35P5","BW",1,"20/08/2022","21:37:00","-37.1333233,148.8343233","Mountain Brush-tailed Possum","","",NA,"left",205,"Yes",NA,22,300,"s","brown","idle","Acacia dealbata ",1,"",1,0,NA,11115,"Trichosurus cunninghami",148.8343233,37.1333233,33
"T35P5","BW",1,"20/08/2022","21:34:00","-37.13397,148.8341267","Mountain Brush-tailed Possum","","",NA,"left",205,"Yes",NA,17,275,"s","brown","idle","Acacia dealbata ",1,"",1,0,NA,11115,"Trichosurus cunninghami",148.8341267,37.13397,34
"T35P5","BW",1,"20/08/2022","21:31:00","-37.1343783,148.8340117","Southern Boobook","","",NA,"left",205,"Yes",NA,100,267,"h","brown","idle","",1,"",1,0,NA,10242,"Ninox boobook",148.8340117,37.1343783,35
"T35P5","BW",1,"20/08/2022","21:30:00","-37.1343783,148.8340117","Mountain Brush-tailed Possum","","",NA,"left",205,"Yes",NA,25,267,"s","brown","idle","Eucalyptus denticulata ",1,"",1,0,NA,11115,"Trichosurus cunninghami",148.8340117,37.1343783,36
"T35P5","BW",1,"20/08/2022","21:06:00","-37.1324933,148.83604","Southern Greater Glider","T35P5 bw 1","37.133124",148.834774,"left",193,"Yes",NA,62.2,111,"s","brown","idle","Eucalyptus croajingolensis ",1,"",1,0,NA,11133,"Petauroides volans",148.83604,37.1324933,37
"T35P5","BW",1,"20/08/2022","20:56:00","-37.1328733,148.8343867","Sugar Glider","","",NA,"left",193,"Yes",NA,100,20,"h","grey","idle","Eucalyptus ",1,"",1,0,NA,11138,"Petaurus breviceps",148.8343867,37.1328733,38
"T3P5","BW",2,"20/08/2022","19:33:00","-37.2172667,148.900295","Common Brush-tailed Possum","","",NA,"right",254,"Yes",NA,15,470,"s","grey","idle","Eucalyptus dives",1,"",1,0,NA,11113,"Trichosurus vulpecula",148.900295,37.2172667,39
"T3P5","CS",1,"20/08/2022","19:30:00","-37.242295,148.8356367","Eastern Ring-tailed Possum","","",NA,"left",254,"No",265,33.2,500,"s","grey","idle","Eucalyptus ",1,"",1,0,NA,11129,"Pseudocheirus peregrinus",148.8356367,37.242295,40
"T3P5","CS",1,"20/08/2022","19:20:00","-37.2422933,148.8364017","Mountain Brush-tailed Possum","","",NA,"right",254,"No",315,20.2,420,"s","grey","idle","Eucalyptus ",1,"",1,0,NA,11115,"Trichosurus cunninghami",148.8364017,37.2422933,41
"T3P5","BW",2,"20/08/2022","19:19:00","-37.24231,148.8375767","Southern Boobook","","",NA,"right",254,"Yes",NA,100,320,"h","grey","idle","Eucalyptus ",1,"",1,0,NA,10242,"Ninox boobook",148.8375767,37.24231,42
"T3P5","CS",1,"20/08/2022","19:02:00","-37.242175,148.8383017","Mountain Brush-tailed Possum","","37.242175",148.8383017,"left",254,"Yes",NA,10.6,290,"s","grey","idle","Eucalyptus snow gum",1,"",1,0,NA,11115,"Trichosurus cunninghami",148.8383017,37.242175,43
"T3P5","CS",1,"20/08/2022","18:41:00","-37.2427317,148.8401383","Eastern Ring-tailed Possum","","37.2427317",148.8401383,"left",287,"Yes",NA,NA,110,"s","grey","idle","Eucalyptus ",1,"",1,0,NA,11129,"Pseudocheirus peregrinus",148.8401383,37.2427317,44
"T35P2","BW",2,"19/08/2022","21:27:00","-37.1460517,148.823945","Eastern Ring-tailed Possum","","",NA,"right",64,"Yes",NA,12,205,"s","grey","idle","Acacia dealbata ",1,"",1,0,NA,11129,"Pseudocheirus peregrinus",148.823945,37.1460517,45
"T35P2","BW",2,"19/08/2022","21:22:00","-37.1459983,148.82321","Southern Greater Glider","T35P2 bw 1","37.146439",148.823085,"right",64,"Yes",NA,33,173,"s","black","idle","Eucalyptus fastigata ",1,"",1,0,NA,11133,"Petauroides volans",148.82321,37.1459983,46
"T35P2","CS",1,"19/08/2022","21:15:00","-37.1461733,148.8237733","Eastern Ring-tailed Possum","","37.1464867",148.8225267,"right",64,"Yes",NA,14.2,240,"s","grey","idle","shrub",1,"",1,0,NA,11129,"Pseudocheirus peregrinus",148.8237733,37.1461733,47
"T35P2","BW",2,"19/08/2022","21:11:00","-37.1464317,148.82246","Mountain Brush-tailed Possum","","",NA,"right",64,"Yes",NA,7,105,"s","grey","idle","Acacia dealbata ",1,"",1,0,NA,11115,"Trichosurus cunninghami",148.82246,37.1464317,48
"T35P2","BW",2,"19/08/2022","21:06:00","-37.1465467,148.822195","Mountain Brush-tailed Possum","","",NA,"left",64,"Yes",NA,26,85,"s","grey","idle","Acacia dealbata ",1,"",1,0,NA,11115,"Trichosurus cunninghami",148.822195,37.1465467,49
"T35P2","CS",1,"19/08/2022","21:01:00","-37.1464867,148.8225267","Mountain Brush-tailed Possum","t35p2 cs 1","37.1464867",148.8225267,"right",64,"Yes",NA,16,115,"s","grey","idle","acacia dealbata ",1,"",1,0,NA,11115,"Trichosurus cunninghami",148.8225267,37.1464867,50
"T35P2","CS",1,"19/08/2022","20:50:00","-37.146865,148.821565","Mountain Brush-tailed Possum","t35p2 cs 1","37.146865",148.82156,"left",64,"Yes",NA,36.2,59,"s","grey","idle","acacia dealbata ",1,"",1,0,NA,11115,"Trichosurus cunninghami",148.821565,37.146865,51
"T35P4","CS",2,"19/08/2022","19:41:00","-37.1335033,148.8105067","Southern Greater Glider","tp35p4 cs 6","37.133508",148.810117,"left",15,"No",260,15.2,269,"s","black","idle","Eucalyptus peppermint ",1,"",0,1,NA,11133,"Petauroides volans",148.8105067,37.1335033,52
"T35P4","CS",2,"19/08/2022","19:37:00","-37.1336867,148.809795","Southern Greater Glider","tp35p4 cs 5","37.133787",148.809956,"left",15,"No",235,26.4,246,"s","black","idle","Eucalyptus ",1,"",0,1,NA,11133,"Petauroides volans",148.809795,37.1336867,53
"T35P4","CS",2,"19/08/2022","19:32:00","-37.1340933,148.8097683","Southern Greater Glider","tp35p4 cs 4","37.133997",148.809852,"left",15,"No",235,22,212,"s","black","idle","Eucalyptus peppermint ",1,"",1,1,1,11133,"Petauroides volans",148.8097683,37.1340933,54
"T35P4","BW",1,"19/08/2022","19:26:00","-37.13345,148.81036","Mountain Brush-tailed Possum","","",NA,"right",32,"Yes",NA,100,380,"h","brown","idle","Acacia dealbata ",1,"",1,0,NA,11115,"Trichosurus cunninghami",148.81036,37.13345,55
"T35P4","CS",2,"19/08/2022","19:22:00","-37.134365,148.8102367","Southern Greater Glider","tp35p4 cs 3","37.134523",148.80937,"left",15,"No",195,19.8,137,"s","black","idle","Eucalyptus ",1,"",1,1,1,11133,"Petauroides volans",148.8102367,37.134365,56
"T35P4","BW",1,"19/08/2022","19:24:00","-37.13345,148.81036","Southern Boobook","","",NA,"left",32,"Yes",NA,100,380,"h","brown","idle","",1,"",1,0,NA,10242,"Ninox boobook",148.81036,37.13345,57
"T35P4","CS",2,"19/08/2022","19:04:00","-37.13493,148.8094483","Southern Greater Glider","tp35p4 cs 2","37.135206",148.808915,"left",15,"Yes",40,37.6,58,"s","black","idle","Eucalyptus ",1,"",0,1,NA,11133,"Petauroides volans",148.8094483,37.13493,58
"T35P4","BW",1,"19/08/2022","19:04:00","-37.135205,148.8097683","Southern Greater Glider","T35P4 bw 2","37.134023",148.809795,"left",15,"Yes",NA,22,214,"s","brown","idle","Eucalyptus croajingolensis ",1,"",1,1,1,11133,"Petauroides volans",148.8097683,37.135205,59
"T35P4","CS",2,"19/08/2022","18:55:00","-37.1354617,148.8087017","Southern Greater Glider","tp35p4 cs 1","37.135513",148.808869,"left",15,"No",40,74.4,30,"s","black","idle","Eucalyptus ",1,"",0,1,NA,11133,"Petauroides volans",148.8087017,37.1354617,60
"T35P4","BW",1,"19/08/2022","18:58:00","-37.1410233,148.8111983","Southern Greater Glider","T35P4 bw 1","37.134413",148.80944,"left",15,"Yes",NA,16.2,166,"s","brown","idle","Eucalyptus denticulata ",1,"",1,1,1,11133,"Petauroides volans",148.8111983,37.1410233,61
"T35P4","BW",1,"19/08/2022","18:27:00","-37.1317433,148.8143","Southern Greater Glider","T35P4 bw 0","",NA,"right",70,"Yes",NA,20,600,"s","brown","idle","Eucalyptus croajingolensis ",1,"off transect during CPB",1,1,1,11133,"Petauroides volans",148.8143,37.1317433,62
"T3P3","CS",1,"17/08/2022","20:34:00","-37.2758983,148.8775683","Mountain Brush-tailed Possum","","",NA,"right",225,"Yes",NA,82.8,500,"s","grey","idle","acacia dealbata ",1,"",1,0,NA,11115,"Trichosurus cunninghami",148.8775683,37.2758983,63
"T3P2","JS",1,"17/08/2022","20:23:00","-37.272325,148.883885","Mountain Brush-tailed Possum","","",NA,"left",162,"No",NA,NA,5001,"s","grey","idle","Acacia dealbata ",1,"",1,0,NA,11115,"Trichosurus cunninghami",148.883885,37.272325,64
"T3P3","CS",1,"17/08/2022","20:17:00","-37.2754,148.8792333","Mountain Brush-tailed Possum","","",NA,"right",265,"Yes",NA,17.8,390,"s","grey","idle","ground",2,"",1,0,NA,11115,"Trichosurus cunninghami",148.8792333,37.2754,65
"T3P3","CS",1,"17/08/2022","20:14:00","-37.2754433,148.8787617","Mountain Brush-tailed Possum","","",NA,"left",265,"Yes",NA,16.4,370,"s","grey","idle","stump",1,"",1,0,NA,11115,"Trichosurus cunninghami",148.8787617,37.2754433,66
"T3P3","CS",1,"17/08/2022","20:10:00","-37.2755783,148.8794667","Mountain Brush-tailed Possum","","",NA,"left",265,"Yes",NA,12.8,345,"s","grey","idle","stump",1,"",1,0,NA,11115,"Trichosurus cunninghami",148.8794667,37.2755783,67
"T3P3","CS",1,"17/08/2022","19:50:00","-37.2752417,148.8810967","Mountain Brush-tailed Possum","","",NA,"right",224,"Yes",NA,55.4,200,"s","grey","idle","eucalyptus denticulata ",1,"",1,0,NA,11115,"Trichosurus cunninghami",148.8810967,37.2752417,68
"T3P3","CS",1,"17/08/2022","19:43:00","-37.2751033,148.8816617","Mountain Brush-tailed Possum","","",NA,"left",224,"Yes",NA,59,140,"s","grey","idle","acacia dealbata ",1,"",1,0,NA,11115,"Trichosurus cunninghami",148.8816617,37.2751033,69
"T3P3","CS",1,"17/08/2022","19:35:00","-37.275045,148.8818317","Mountain Brush-tailed Possum","","",NA,"right",175,"Yes",NA,33,97,"s","grey","idle","acacia dealbata ",1,"",1,0,NA,11115,"Trichosurus cunninghami",148.8818317,37.275045,70
"T3P3","CS",1,"17/08/2022","19:30:00","-37.2739467,148.8819967","Mountain Brush-tailed Possum","","",NA,"left",175,"Yes",NA,25.6,52,"s","grey","idle","acacia dealbata ",2,"",1,0,NA,11115,"Trichosurus cunninghami",148.8819967,37.2739467,71
"T3P3","CS",1,"17/08/2022","19:25:00","-37.2707983,148.8903767","Mountain Brush-tailed Possum","","",NA,"right",175,"Yes",NA,19.8,33,"s","grey","idle","Tasmania lan",1,"",1,0,NA,11115,"Trichosurus cunninghami",148.8903767,37.2707983,72
"T3P3","CS",1,"17/08/2022","19:18:00","-37.27459,148.8826267","Mountain Brush-tailed Possum","","",NA,"right",175,"Yes",NA,31,20,"s","grey","idle","acacia dealbata ",1,"",1,0,NA,11115,"Trichosurus cunninghami",148.8826267,37.27459,73
"ARI BBRR 37","CS",1,"16/08/2022","20:00:00","-37.2250233,148.7056533","Mountain Brush-tailed Possum","","",NA,"left",0,"Yes",NA,30.4,327,"s","grey","idle","Eucalyptus ",1,"",1,0,NA,11115,"Trichosurus cunninghami",148.7056533,37.2250233,74
"ARI BBRR 37","CS",1,"16/08/2022","19:51:00","-37.2265583,148.7042","Sugar Glider","","",NA,"left",0,"Yes",NA,73,340,"s","grey","idle","Eucalyptus ",1,"",1,0,NA,11138,"Petaurus breviceps",148.7042,37.2265583,75
"T35P1","CS",2,"15/08/2022","19:48:00","-37.190865,148.8469117","Southern Greater Glider","gg cs 4","148.846758",37.190928,"right",92,"Yes",NA,29.2,440,"s","black","idle","Eucalyptus croajingolensis ",1,"",0,1,NA,11133,"Petauroides volans",148.8469117,37.190865,76
"T35P1","CS",2,"15/08/2022","19:35:00","-37.1907817,148.84545","Southern Greater Glider","gg cs 3","148.845654",37.190631,"left",85,"Yes",NA,0,330,"s","black","idle","Eucalyptus gum",2,"",1,1,1,11133,"Petauroides volans",148.84545,37.1907817,77
"T35P1","CS",2,"15/08/2022","19:27:00","-37.1905433,148.84541","Southern Greater Glider","gg cs 2","148.845273",37.19069,"right",105,"No",163,18,310,"s","black","idle","Eucalyptus croajingolensis ",1,"",0,1,NA,11133,"Petauroides volans",148.84541,37.1905433,78
"T35P1","BW",1,"15/08/2022","19:15:00","-37.1905183,148.8455667","Southern Greater Glider","T35P1 BW 3","37.190622",148.84568,"left",100,"Yes",NA,10.8,350,"s","white","idle","Eucalyptus cypellocarpa ",2,"",1,1,1,11133,"Petauroides volans",148.8455667,37.1905183,79
"T35P1","BW",1,"15/08/2022","19:11:00","-37.1906283,148.8454617","Australian Owlet-nightjar","","",NA,"right",110,"Yes",NA,100,294,"h","grey","idle","Eucalyptus ",1,"",1,0,NA,10317,"Aegotheles cristatus",148.8454617,37.1906283,80
"T35P1","CS",2,"15/08/2022","19:01:00","-37.1908383,148.8430233","Southern Greater Glider","gg Cs 1","148.843135",37.190239,"right",90,"Yes",NA,23.7,113,"s","black","idle","Eucalyptus croajingolensis ",2,"",1,1,1,11133,"Petauroides volans",148.8430233,37.1908383,81
"T35P1","BW",1,"15/08/2022","19:03:00","-37.19048,148.8443283","Southern Greater Glider","T35P1 BW 2","37.190496",148.844587,"left",105,"No",100,62.4,244,"s","brown","idle","Eucalyptus croajingolensis ",1,"",1,0,NA,11133,"Petauroides volans",148.8443283,37.19048,82
"T35P1","BW",1,"15/08/2022","18:47:00","-37.1902267,148.8432083","Southern Greater Glider","T35P1 BW 1","37.190318",148.843041,"right",95,"Yes",NA,24.4,109,"s","brown","moving","Eucalyptus cypellocarpa ",2,"",1,1,1,11133,"Petauroides volans",148.8432083,37.1902267,83
"T35P1","BW",1,"15/08/2022","18:38:00","-37.1888233,148.84049","Yellow-bellied Glider","","",NA,"left",85,"Yes",NA,100,53,"h","grey","idle","Eucalyptus ",1,"",1,0,NA,11136,"Petaurus australis",148.84049,37.1888233,84
"ARI BBRR 03","HB",1,"7/06/2022","19:46:00","-37.368625,147.5531867","Eastern Ring-tailed Possum","","",NA,"left",310,"Yes",NA,10,312,"s","grey","idle","acacia dealbata ",1,"",1,0,NA,11129,"Pseudocheirus peregrinus",147.5531867,37.368625,85
"ARI BBRR 03","HB",1,"7/06/2022","19:35:00","-37.3694983,147.5538483","Southern Greater Glider","Gg hb","147.554095",37.369293,"left",310,"No",246.9,58.2,220,"s","black","idle","Eucalyptus delegatensis ",1,"",1,0,NA,11133,"Petauroides volans",147.5538483,37.3694983,86
"G3F4","AS",2,"31/05/2022","19:28:00","-37.2428467,148.7590983","Southern Greater Glider","G3 F4 gg2as","37.24",148.75,"left",165,"Yes",NA,50,257,"s","grey","moving","Eucalyptus ",1,"",1,1,1,11133,"Petauroides volans",148.7590983,37.2428467,87
"G3F4","BW",1,"31/05/2022","19:28:00","-37.24406,148.758615","Yellow-bellied Glider","G3F4 bw 3","148.758938",-37.243825,"right",165,"Yes",NA,7,330,"s","brown","idle","Eucalyptus denticulata ",1,"landed in tree",1,0,NA,11136,"Petaurus australis",148.758615,37.24406,88
"G3F4","BW",1,"31/05/2022","19:21:00","-37.24343,148.7591117","Southern Greater Glider","G3F4 bw 2","148.759133",-37.243312,"left",165,"Yes",NA,35.2,286,"s","grey","idle","Eucalyptus denticulata ",1,"",1,1,1,11133,"Petauroides volans",148.7591117,37.24343,89
"G3F4","BW",1,"31/05/2022","19:17:00","-37.2430067,148.7590233","Sugar Glider","","",NA,"left",165,"Yes",NA,100,220,"h","grey","idle","Eucalyptus ",1,"",1,0,NA,11138,"Petaurus breviceps",148.7590233,37.2430067,90
"G3F4","AS",2,"31/05/2022","19:12:00","-37.2415583,148.7588217","Southern Greater Glider","g3 f4 gg1 as","37.25",148.75,"left",165,"Yes",NA,7.5,110,"s","black","moving","Eucalyptus croajingolensis ",1,"23 tree nu",1,1,1,11133,"Petauroides volans",148.7588217,37.2415583,91
"G3F4","AS",2,"31/05/2022","19:03:00","-37.24142,148.7588517","Eastern Ring-tailed Possum","","",NA,"left",165,"Yes",NA,25,82,"s","grey","moving","Eucalyptus ",1,"",0,1,NA,11129,"Pseudocheirus peregrinus",148.7588517,37.24142,92
"G3F4","BW",1,"31/05/2022","18:54:00","-37.241595,148.7587067","Southern Greater Glider","G3F4 bw 1","148.75892",-37.241476,"left",165,"No",163,24.1,80,"s","black","idle","Eucalyptus croajingolensis ",1,"on tree 23",1,1,1,11133,"Petauroides volans",148.7587067,37.241595,93
"G3F4","BW",1,"31/05/2022","18:52:00","-37.241545,148.7589367","Yellow-bellied Glider","","",NA,"left",165,"No",163,100,76,"h","brown","idle","Eucalyptus ",1,"",1,0,NA,11136,"Petaurus australis",148.7589367,37.241545,94
"G3F4","AS",2,"31/05/2022","18:51:00","-37.24086,148.7590267","Yellow-bellied Glider","","",NA,"left",165,"No",130,50,5,"h","grey","idle","Eucalyptus ",1,"",0,0,0,11136,"Petaurus australis",148.7590267,37.24086,95
"G3F4","BW",1,"31/05/2022","18:38:00","-37.2406217,148.7590167","Yellow-bellied Glider","","",NA,"left",165,"Yes",NA,100,0,"h","brown","idle","Eucalyptus ",1,"",1,0,NA,11136,"Petaurus australis",148.7590167,37.2406217,96
"T25P2","BW",2,"27/05/2022","0:10:00","-37.3319217,148.6480467","Sugar Glider","","",NA,"right",268,"Yes",NA,25,320,"s","grey","idle","Eucalyptus ",1,"gliding away ",1,0,NA,11138,"Petaurus breviceps",148.6480467,37.3319217,97
"T25P2","BW",2,"27/05/2022","0:10:00","-37.3319217,148.6480467","Yellow-bellied Glider","T25P2 bw 1","148.648626",-37.331959,"right",268,"Yes",NA,25,320,"s","brown","idle","Eucalyptus ",1,"",1,0,NA,11136,"Petaurus australis",148.6480467,37.3319217,98
"T25P2","BW",2,"27/05/2022","0:10:00","-37.3319217,148.6480467","Mountain Brush-tailed Possum","","",NA,"right",268,"Yes",NA,25,320,"s","grey","idle","Eucalyptus ",3,"",1,0,NA,11115,"Trichosurus cunninghami",148.6480467,37.3319217,99
"T25P2","AS",1,"27/05/2022","0:09:00","-37.3326083,148.64746","Yellow-bellied Glider","","",NA,"left",220,"Yes",NA,50,480,"h","grey","moving","",1,"",0,0,0,11136,"Petaurus australis",148.64746,37.3326083,100
"T25P2","AS",1,"26/05/2022","23:57:00","-37.3318567,148.6487317","Mountain Brush-tailed Possum","","",NA,"left",220,"Yes",NA,30,335,"h","grey","idle","",1,"",1,0,NA,11115,"Trichosurus cunninghami",148.6487317,37.3318567,101
"T25P2","BW",2,"26/05/2022","23:57:00","-37.3311267,148.6518717","Yellow-bellied Glider","","",NA,"right",220,"No",222,100,210,"h","brown","idle","Eucalyptus ",1,"",1,0,NA,11136,"Petaurus australis",148.6518717,37.3311267,102
"T25P2","AS",1,"26/05/2022","23:56:00","-37.33173,148.6487433","Mountain Brush-tailed Possum","","",NA,"right",220,"Yes",NA,20,320,"s","grey","idle","Eucalyptus ",3,"",1,0,NA,11115,"Trichosurus cunninghami",148.6487433,37.33173,103
"T25P3","BW",1,"26/05/2022","23:19:00","-37.330705,148.6525","Mountain Brush-tailed Possum","","",NA,"right",100,"Yes",NA,60,480,"h","grey","idle","Acacia ",1,"",1,0,NA,11115,"Trichosurus cunninghami",148.6525,37.330705,104
"T25P3","AS",2,"26/05/2022","23:11:00","-37.328925,148.653615","Mountain Brush-tailed Possum","","",NA,"left",200,"Yes",NA,10,230,"s","grey","idle","dead tree ",1,"",0,1,NA,11115,"Trichosurus cunninghami",148.653615,37.328925,105
"T25P3","BW",1,"26/05/2022","23:03:00","-37.3288417,148.653625","Mountain Brush-tailed Possum","","",NA,"right",200,"Yes",NA,15,230,"s","grey","idle","Acacia ",1,"",1,0,NA,11115,"Trichosurus cunninghami",148.653625,37.3288417,106
"T25P3","BW",1,"26/05/2022","22:54:00","-37.328135,148.653555","Mountain Brush-tailed Possum","","",NA,"right",154,"Yes",NA,17,138,"h","grey","idle","Eucalyptus ",1,"",1,0,NA,11115,"Trichosurus cunninghami",148.653555,37.328135,107
"T25P3","BW",1,"26/05/2022","22:46:00","-37.3272617,148.6538817","Sugar Glider","","",NA,"left",154,"Yes",NA,45,65,"s","grey","idle","Eucalyptus ",1,"",1,0,NA,11138,"Petaurus breviceps",148.6538817,37.3272617,108
"T2P3","BW",2,"26/05/2022","22:05:00","-37.3195383,148.65329","Mountain Brush-tailed Possum","","",NA,"left",36,"Yes",NA,13,400,"s","grey","idle","Eucalyptus ",1,"",1,1,1,11115,"Trichosurus cunninghami",148.65329,37.3195383,109
"T2P3","AS",1,"26/05/2022","21:59:00","-37.31964,148.652985","Mountain Brush-tailed Possum","","",NA,"left",36,"Yes",NA,10,356,"s","grey","idle","Eucalyptus ",1,"",1,0,NA,11115,"Trichosurus cunninghami",148.652985,37.31964,110
"T2P3","BW",2,"26/05/2022","21:32:00","-37.322405,148.6511633","Southern Greater Glider","T2P3 BW 1","148.651129",-37.651129,"left",354,"Yes",NA,46.2,2,"s","white","moving","Eucalyptus ",1,"in dead tree in logging coupe",0,1,NA,11133,"Petauroides volans",148.6511633,37.322405,111
"T25P4","AS",2,"26/05/2022","20:42:00","-37.3222167,148.6542467","Southern Greater Glider","t25p4 gg as","37.322",148.65,"left",346,"Yes",NA,16,300,"s","grey","moving","Eucalyptus denticulata ",1,"",0,1,NA,11133,"Petauroides volans",148.6542467,37.3222167,112
"T25P4","AS",2,"26/05/2022","20:17:00","-37.3241767,148.654025","Sugar Glider","","",NA,"left",303,"Yes",NA,25,118,"s","grey","idle","Eucalyptus ",1,"",0,1,NA,11138,"Petaurus breviceps",148.654025,37.3241767,113
"T2P2","BW",2,"26/05/2022","19:45:00","-37.3254633,148.6558717","Mountain Brush-tailed Possum","","",NA,"right",290,"Yes",NA,55,390,"h","grey","idle","Eucalyptus ",1,"",1,0,NA,11115,"Trichosurus cunninghami",148.6558717,37.3254633,114
"T2P2","BW",2,"26/05/2022","19:20:00","-37.3252133,148.65921","Southern Boobook","","",NA,"left",200,"Yes",NA,100,120,"h","grey","idle","",1,"",1,0,NA,10242,"Ninox boobook",148.65921,37.3252133,115
"T2P2","AS",1,"26/05/2022","19:14:00","-37.3258983,148.6587267","Southern Boobook","","",NA,"left",250,"Yes",NA,150,180,"h","grey","idle","",1,"heard ",1,0,NA,10242,"Ninox boobook",148.6587267,37.3258983,116
"T2P2","BW",2,"26/05/2022","19:13:00","-37.3251633,148.6592383","Southern Boobook","","",NA,"left",250,"Yes",NA,100,20,"h","grey","idle","Eucalyptus ",1,"",1,0,NA,10242,"Ninox boobook",148.6592383,37.3251633,117
"T2P2","AS",1,"26/05/2022","18:58:00","-37.324995,148.66008","Deer","","",NA,"right",250,"Yes",NA,20,0,"s","grey","idle","Eucalyptus ",2,"",1,0,NA,50273,"Cervidae spp.",148.66008,37.324995,118
"T2P1","AS",1,"24/05/2022","19:50:00","-37.592465,148.7213583","Mountain Brush-tailed Possum","","",NA,"right",64,"Yes",NA,5,480,"s","grey","idle","Eucalyptus ",1,"",1,0,NA,11115,"Trichosurus cunninghami",148.7213583,37.592465,119
"T2P1","BW",2,"24/05/2022","19:44:00","-37.5941033,148.71817","Yellow-bellied Glider","T2P1 BW 1","",NA,"left",0,"Yes",NA,35,200,"h","grey","idle","Eucalyptus ",1,"",0,1,NA,11136,"Petaurus australis",148.71817,37.5941033,120
"T2P1","AS",1,"24/05/2022","19:17:00","-37.59598,148.7198433","Eastern Ring-tailed Possum","","",NA,"left",320,"Yes",NA,50,40,"s","grey","idle","Eucalyptus ",1,"",1,0,NA,11129,"Pseudocheirus peregrinus",148.7198433,37.59598,121
"T15P3","BW",1,"31/03/2022","21:25:00","-37.5940033,148.1893233","Southern Boobook","","",NA,"left",336,"Yes",NA,100,305,"h","grey","idle","Eucalyptus ",1,"",1,0,NA,10242,"Ninox boobook",148.1893233,37.5940033,122
"T15P3","BW",1,"31/03/2022","21:18:00","-37.5949917,148.1893483","Sugar Glider","","",NA,"left",336,"Yes",NA,15,210,"s","grey","idle","Eucalyptus ",1,"",1,0,NA,11138,"Petaurus breviceps",148.1893483,37.5949917,123
"T1P2","BW",1,"30/03/2022","23:01:00","-37.626355,148.2905533","Sugar Glider","","",NA,"right",32,"Yes",NA,7,389,"s","grey","idle","Eucalyptus ",1,"",1,0,NA,11138,"Petaurus breviceps",148.2905533,37.626355,124
"T1P3","BW",1,"30/03/2022","21:04:00","-37.6240583,148.264495","Eastern Ring-tailed Possum","","",NA,"right",280,"Yes",NA,5,250,"s","grey","idle","Eucalyptus globoidea ",1,"",1,0,NA,11129,"Pseudocheirus peregrinus",148.264495,37.6240583,125
"T1P3","BW",1,"30/03/2022","20:32:00","-37.6253383,148.2630867","Sugar Glider","","",NA,"left",60,"Yes",NA,15,10,"s","grey","idle","Eucalyptus ",1,"",1,0,NA,11138,"Petaurus breviceps",148.2630867,37.6253383,126
"T25P1","BW",1,"29/03/2022","23:11:00","-37.5843767,148.7692083","Sugar Glider","","",NA,"right",78,"Yes",NA,100,420,"h","grey","idle","Eucalyptus ",1,"",1,0,NA,11138,"Petaurus breviceps",148.7692083,37.5843767,127
"T25P1","BW",1,"29/03/2022","22:19:00","-37.5861967,148.7675183","Southern Boobook","","",NA,"right",310,"Yes",NA,100,0,"h","grey","idle","Eucalyptus ",1,"",1,0,NA,10242,"Ninox boobook",148.7675183,37.5861967,128
"T2P4","BW",1,"29/03/2022","21:14:00","-37.5181733,148.69835","Eastern Ring-tailed Possum","","",NA,"right",160,"Yes",NA,12,250,"s","grey","idle","Eucalyptus ",1,"",1,0,NA,11129,"Pseudocheirus peregrinus",148.69835,37.5181733,129
"T2P4","BW",1,"29/03/2022","20:47:00","-37.5190333,148.69397","Eastern Ring-tailed Possum","","",NA,"left",330,"Yes",NA,32.5,73,"s","grey","idle","Eucalyptus ",2,"",1,0,NA,11129,"Pseudocheirus peregrinus",148.69397,37.5190333,130
"T2P4","BW",1,"29/03/2022","20:32:00","-37.5187317,148.7026183","Mountain Brush-tailed Possum","","",NA,"left",330,"Yes",NA,100,0,"h","grey","idle","Eucalyptus ",1,"",1,0,NA,11115,"Trichosurus cunninghami",148.7026183,37.5187317,131
"T2P4","BW",1,"29/03/2022","20:32:00","-37.5187317,148.7026183","Southern Boobook","","",NA,"left",330,"Yes",NA,100,0,"h","grey","idle","Eucalyptus ",1,"",1,0,NA,10242,"Ninox boobook",148.7026183,37.5187317,132
"T2P5","BW",1,"28/03/2022","22:42:00","-37.5804483,148.7340983","Mountain Brush-tailed Possum","","",NA,"left",186,"Yes",NA,20,420,"s","grey","idle","Eucalyptus ",1,"",1,0,NA,11115,"Trichosurus cunninghami",148.7340983,37.5804483,133
"T2P5","BW",1,"28/03/2022","21:49:00","-37.5785417,148.73724","Southern Boobook","","",NA,"left",240,"Yes",NA,100,0,"h","grey","idle","Eucalyptus ",1,"",1,0,NA,10242,"Ninox boobook",148.73724,37.5785417,134
"T25P5","BW",1,"28/03/2022","21:24:00","-37.5782117,148.7354467","Australian Owlet-nightjar","","",NA,"right",200,"Yes",NA,100,500,"h","grey","idle","Eucalyptus ",1,"",1,0,NA,10317,"Aegotheles cristatus",148.7354467,37.5782117,135
"T25P5","BW",1,"28/03/2022","21:16:00","-37.5777283,148.7353867","Sugar Glider","","",NA,"right",200,"Yes",NA,100,400,"h","grey","idle","Eucalyptus ",1,"",1,0,NA,11138,"Petaurus breviceps",148.7353867,37.5777283,136
"T25P5","BW",1,"28/03/2022","21:01:00","-37.5756633,148.7368033","Sugar Glider","","",NA,"right",180,"Yes",NA,100,200,"h","grey","idle","Eucalyptus ",1,"",1,0,NA,11138,"Petaurus breviceps",148.7368033,37.5756633,137
"T25P5","BW",1,"28/03/2022","20:28:00","-37.574995,148.7376083","Sugar Glider","","",NA,"right",235,"Yes",NA,100,2.5,"h","grey","idle","Eucalyptus ",1,"",1,0,NA,11138,"Petaurus breviceps",148.7376083,37.574995,138
"T25P5","BW",1,"28/03/2022","20:28:00","-37.574995,148.7376083","Southern Boobook","","",NA,"right",235,"Yes",NA,100,2,"h","grey","idle","Eucalyptus ",1,"",1,0,NA,10242,"Ninox boobook",148.7376083,37.574995,139
"ARI BBRR 42","JJ",1,"25/02/2022","22:42:00","-37.1681833,149.108445","Sugar Glider","","",NA,"left",15,"No",350,NA,500,"s","grey","idle","Eucalyptus ",1,"",1,0,NA,11138,"Petaurus breviceps",149.108445,37.1681833,140
"ARI BBRR 42","BW",2,"25/02/2022","22:26:00","-37.1696033,149.107105","Southern Greater Glider","Ari 42 4 bw","",NA,"left",15,"Yes",119,5,335,"s","black","idle","Eucalyptu croajingolensis ",1,"",0,1,NA,11133,"Petauroides volans",149.107105,37.1696033,141
"ARI BBRR 42","BW",2,"25/02/2022","22:12:00","-37.169375,149.1075117","Southern Greater Glider","Ari 42 3 bw","",NA,"left",120,"Yes",119,10,250,"s","black","idle","Eucalyptu rubida",1,"",0,1,NA,11133,"Petauroides volans",149.1075117,37.169375,142
"ARI BBRR 43","AS",2,"25/02/2022","22:06:00","-37.1765167,149.09892","Southern Greater Glider","ari bbr 43gg2as","37.176653",149.098514,"right",128,"Yes",NA,32,225,"s","grey","idle","Eucalyptus ",1,"",0,1,NA,11133,"Petauroides volans",149.09892,37.1765167,143
"ARI BBRR 42","BW",2,"25/02/2022","22:06:00","-37.1691333,149.1068567","Southern Greater Glider","Ari 42 2 bw","",NA,"right",120,"Yes",119,12,215,"s","black","idle","Eucalyptus croajingolensis ",1,"",0,1,NA,11133,"Petauroides volans",149.1068567,37.1691333,144
"ARI BBRR 43","AS",2,"25/02/2022","22:00:00","-37.1764417,149.0984033","Southern Greater Glider","Ari bbr 43gg1as","37.176512",149.098513,"left",128,"Yes",NA,50,200,"s","grey","moving","Eucalyptus ",1,"",0,1,NA,11133,"Petauroides volans",149.0984033,37.1764417,145
"ARI BBRR 43","JJ",1,"25/02/2022","21:53:00","-37.1760617,149.097295","Mountain Brush-tailed Possum","","",NA,"right",28,"Yes",NA,13,300,"s","grey","moving","Eucalyptus ",1,"on ground",1,0,NA,11115,"Trichosurus cunninghami",149.097295,37.1760617,146
"ARI BBRR 42","BW",2,"25/02/2022","21:42:00","-37.1681117,149.105505","Southern Greater Glider","Ari 42 1 bw","",NA,"left",120,"No",119,35,32,"s","black","idle","Eucalyptu rubida",1,"",0,1,NA,11133,"Petauroides volans",149.105505,37.1681117,147
"ARI BBRR 42","JJ",1,"25/02/2022","21:28:00","-37.1680763,149.1053209","Southern Greater Glider","AL","37,169",149.10397,"right",120,"Yes",NA,30,20,"s","black","idle","Eucalyptus ",1,"",1,0,NA,11133,"Petauroides volans",149.1053209,37.1680763,148
"ARI BBRR 45","HB",2,"23/02/2022","22:31:00","-37.2648367,149.0170717","Southern Greater Glider","AARIBBR45 5HB","678779",5873607,"left",42,"Yes",254,25,378,"s","black","moving","Eucalyptus fastigata",1,"",1,1,1,11133,"Petauroides volans",149.0170717,37.2648367,149
"ARI BBRR 45","HB",2,"23/02/2022","22:20:00","-37.2652783,149.0165933","Southern Greater Glider","AARIBBR45 4HB","678744",5873590,"left",42,"Yes",254,75,335,"s","black","moving","Eucalyptus denticulata",1,"",0,1,NA,11133,"Petauroides volans",149.0165933,37.2652783,150
"ARI BBRR 45","HB",2,"23/02/2022","22:16:00","-37.26868,149.0016167","Southern Greater Glider","AARIBBR45 3HB","678742",5873585,"left",42,"Yes",254,15,330,"s","black","idle","Eucalyptus fastigata",1,"",0,1,NA,11133,"Petauroides volans",149.0016167,37.26868,151
"ARI BBRR 22","BW",1,"23/02/2022","22:15:00","-37.3009017,149.055205","Sugar Glider","","",NA,"right",185,"Yes",190,10,400,"s","grey","idle","Eucalyptus croajingolensis ",1,"",1,0,NA,11138,"Petaurus breviceps",149.055205,37.3009017,152
"ARI BBRR 45","AS",1,"23/02/2022","22:13:00","-37.2652367,149.0176983","Mountain Brush-tailed Possum","","",NA,"left",42,"Yes",NA,15,430,"s","grey","idle","Eucalyptus ",1,"",1,0,NA,11115,"Trichosurus cunninghami",149.0176983,37.2652367,153
"ARI BBRR 45","HB",2,"23/02/2022","22:07:00","-37.2583833,149.0032983","Southern Greater Glider","AARIBBR45 2HB","678672",5873532,"left",42,"Yes",254,30,260,"s","black","idle","Eucalyptus fastigata",2,"",0,1,NA,11133,"Petauroides volans",149.0032983,37.2583833,154
"ARI BBRR 45","AS",1,"23/02/2022","22:05:00","-37.2648417,149.017575","Southern Greater Glider","ari bbr 45 gg7as","37.265177",149.017613,"left",42,"Yes",NA,20,400,"s","grey","idle","Eucalyptus fastigata ",2,"",1,0,NA,11133,"Petauroides volans",149.017575,37.2648417,155
"ARI BBRR 45","AS",1,"23/02/2022","22:01:00","-37.265195,149.0172867","Southern Greater Glider","ari bbr gg6as","37.265171",149.017279,"left",42,"Yes",NA,40,378,"s","grey","moving","Eucalyptus fastigata ",2,"",1,1,1,11133,"Petauroides volans",149.0172867,37.265195,156
"ARI BBRR 45","AS",1,"23/02/2022","21:54:00","-37.2657383,149.0167667","Southern Greater Glider","ari bbr 45gg5as","37.265662",149.016827,"right",42,"Yes",NA,7.8,320,"s","grey","idle","Eucalyptus fastigata ",1,"",1,0,NA,11133,"Petauroides volans",149.0167667,37.2657383,157
"ARI BBRR 22","AL",2,"23/02/2022","21:53:00","-37.2849717,149.0047983","Eastern Ring-tailed Possum","","",NA,"right",200,"Yes",90,16.2,380,"s","grey","moving","Eucalyptus ",1,"",1,0,NA,11129,"Pseudocheirus peregrinus",149.0047983,37.2849717,158
"ARI BBRR 22","AL",2,"23/02/2022","21:46:00","-37.2841733,149.0057633","Southern Greater Glider","ARI 22 G3","37.28465",149.00494,"right",185,"Yes",90,21.2,290,"s","black","idle","Eucalyptus ",1,"",1,1,1,11133,"Petauroides volans",149.0057633,37.2841733,159
"ARI BBRR 45","AS",1,"23/02/2022","21:46:00","-37.2659433,149.0162083","Southern Greater Glider","ari bbr 45gg4as","37.26586",149.016271,"left",42,"Yes",NA,30,260,"s","grey","idle","Eucalyptus fastigata ",2,"",1,1,1,11133,"Petauroides volans",149.0162083,37.2659433,160
"ARI BBRR 22","BW",1,"23/02/2022","21:46:00","-37.2859717,149.0045","Mountain Brush-tailed Possum","","",NA,"right",200,"No",190,40,450,"s","grey","moving","",1,"on ground ",1,0,NA,11115,"Trichosurus cunninghami",149.0045,37.2859717,161
"ARI BBRR 45","AS",1,"23/02/2022","21:41:00","-37.2661767,149.0160833","Southern Greater Glider","ari bbr 45 gg3as","37.26586",149.016271,"right",120,"Yes",NA,9,230,"s","grey","idle","Eucalyptus fastigata ",1,"",1,0,NA,11133,"Petauroides volans",149.0160833,37.2661767,162
"ARI BBRR 22","AL",2,"23/02/2022","21:35:00","-37.2829267,149.0063883","Southern Greater Glider","ARI 22 G2","37.28387",149.00522,"right",85,"Yes",90,28.4,170,"s","black","moving","Eucalyptus ",1,"",0,1,NA,11133,"Petauroides volans",149.0063883,37.2829267,163
"ARI BBRR 45","HB",2,"23/02/2022","21:35:00","-37.263805,149.004165","Mountain Brush-tailed Possum","","",NA,"left",120,"Yes",254,6,70,"s","black","idle","dead acacia dealbata ",2,"",0,1,NA,11115,"Trichosurus cunninghami",149.004165,37.263805,164
"ARI BBRR 22","BW",1,"23/02/2022","21:33:00","-37.2845217,149.004585","Southern Greater Glider","ARI 22 3 bw","37.284659",149.004846,"right",185,"Yes",NA,10,290,"s","black","moving","Eucalyptus croajingolensis ",1,"",1,1,1,11133,"Petauroides volans",149.004585,37.2845217,165
"ARI BBRR 45","AS",1,"23/02/2022","21:31:00","-37.2656733,149.015825","Southern Greater Glider","ari bbr45 gg2 as","37.265818",149.015602,"left",120,"No",60,30,175,"s","grey","moving","Eucalyptus fastigata ",1,"",1,0,NA,11133,"Petauroides volans",149.015825,37.2656733,166
"ARI BBRR 22","AL",2,"23/02/2022","21:26:00","-37.283655,149.0044683","Southern Greater Glider","ARI 22 G1","37.28381",149.00465,"right",85,"No",90,22.2,120,"s","grey","idle","Eucalyptus ",1,"",1,1,1,11133,"Petauroides volans",149.0044683,37.283655,167
"ARI BBRR 22","BW",1,"23/02/2022","21:25:00","-37.28388,149.0053067","Southern Greater Glider","ARI 22 2 bw","37.283909",149.005003,"right",185,"Yes",NA,5,205,"s","brown","feeding","Eucalyptus croajingolensis ",1,"",1,0,NA,11133,"Petauroides volans",149.0053067,37.28388,168
"ARI BBRR 45","AS",1,"23/02/2022","21:24:00","-37.2661917,149.01518","Mountain Brush-tailed Possum","","",NA,"right",120,"Yes",NA,5,150,"s","black","idle","Eucalyptus fastigata ",1,"",1,0,NA,11115,"Trichosurus cunninghami",149.01518,37.2661917,169
"ARI BBRR 45","HB",2,"23/02/2022","21:16:00","-37.264845,149.0144133","Southern Greater Glider","AARIBBR45","678488",5873657,"right",120,"No",254,60,8,"s","black","moving","Eucalyptus denticulata",1,"",1,1,1,11133,"Petauroides volans",149.0144133,37.264845,170
"ARI BBRR 22","BW",1,"23/02/2022","21:18:00","-37.2837883,149.0048883","Southern Greater Glider","ARI 22 1 bw","37.283836",149.004953,"right",85,"Yes",NA,2,175,"s","brown","feeding","Eucalyptus croajingolensis ",1,"on tree 34",1,1,1,11133,"Petauroides volans",149.0048883,37.2837883,171
"ARI BBRR 45","AS",1,"23/02/2022","21:02:00","-37.26508,149.014225","Southern Greater Glider","ari bbr 45 gg1as","37.26491",149.014064,"right",120,"No",80,24,5,"s","grey","idle","Eucalyptus fastigata ",1,"",1,1,1,11133,"Petauroides volans",149.014225,37.26508,172
"ARI BBRR 34","BW",1,"22/02/2022","22:50:00","-37.2379083,148.9532933","Mountain Brush-tailed Possum","","",NA,"right",125,"Yes",NA,NA,420,"s","grey","idle","Eucalyptus fastigata ",1,"",1,0,NA,11115,"Trichosurus cunninghami",148.9532933,37.2379083,173
"ARI BBRR 34","BW",1,"22/02/2022","22:38:00","-37.2368367,148.95275","Southern Greater Glider","ARI BBRR 34 1 BW","37.23732",148.952974,"left",80,"Yes",NA,19.7,377,"s","black","idle","Eucalyptus denriculata ",1,"",1,0,NA,11133,"Petauroides volans",148.95275,37.2368367,174
"ARI BBRR 34","BW",1,"22/02/2022","22:32:00","-37.2373883,148.952655","Mountain Brush-tailed Possum","","",NA,"right",80,"Yes",NA,NA,350,"s","grey","idle","Eucalyptus denriculata ",1,"",1,0,NA,11115,"Trichosurus cunninghami",148.952655,37.2373883,175
"ARI BBRR 34","BW",1,"22/02/2022","22:07:00","-37.23798,148.9508067","Mountain Brush-tailed Possum","","",NA,"left",354,"Yes",NA,NA,130,"s","grey","idle","Eucalyptus fastigata ",1,"",1,0,NA,11115,"Trichosurus cunninghami",148.9508067,37.23798,176
"ARI BBRR 34","BW",1,"22/02/2022","22:02:00","-37.23823,148.95066","Mountain Brush-tailed Possum","","",NA,"left",354,"Yes",NA,NA,90,"s","grey","idle","Eucalyptus fastigata ",1,"",1,0,NA,11115,"Trichosurus cunninghami",148.95066,37.23823,177
"ARI BBRR 34","BW",1,"22/02/2022","21:49:00","-37.23868,148.950595","Mountain Brush-tailed Possum","","",NA,"right",354,"Yes",NA,NA,53,"s","grey","idle","Eucalyptus fastigata ",1,"",1,0,NA,11115,"Trichosurus cunninghami",148.950595,37.23868,178
"ARI BBRR 08","AS",1,"11/02/2022","11:45:00","-37.20958,147.9384083","Mountain Brush-tailed Possum","","",NA,"right",270,"Yes",NA,100,100,"h","grey","idle","",1,"",1,0,NA,11115,"Trichosurus cunninghami",147.9384083,37.20958,179
"ARI BBRR 08","AS",1,"11/02/2022","0:03:00","-37.2095533,147.9396533","Southern Greater Glider","ari bbr 08 gg1","37.209726",147.939772,"left",270,"Yes",NA,50,350,"s","grey","idle","Eucalyptus delegatensis ",1,"",1,0,NA,11133,"Petauroides volans",147.9396533,37.2095533,180
"ARI BBRR 06","AS",2,"11/02/2022","22:04:00","-37.26749,147.98697","Southern Greater Glider","ari bbr06 gg1","37.2674",147.987027,"right",115,"Yes",NA,30,250,"s","grey","idle","Eucalyptus radiata ",1,"",0,1,NA,11133,"Petauroides volans",147.98697,37.26749,181
"ARI BBRR 06","BW",1,"11/02/2022","22:02:00","-37.2686117,147.98935","Mountain Brush-tailed Possum","","",NA,"right",115,"Yes",NA,12,490,"s","grey","idle","Acacia ",1,"",1,0,NA,11115,"Trichosurus cunninghami",147.98935,37.2686117,182
"ARI BBRR 06","AS",2,"11/02/2022","21:59:00","-37.267165,147.9864517","Yellow-bellied Glider","","",NA,"left",115,"Yes",NA,NA,215,"h","grey","idle","Eucalyptus ",1,"",0,0,0,11136,"Petaurus australis",147.9864517,37.267165,183
"ARI BBRR 06","BW",1,"11/02/2022","21:58:00","-37.2682238,147.9887076","Mountain Brush-tailed Possum","","",NA,"left",115,"Yes",NA,15,410,"s","grey","idle","Acacia",1,"",1,0,NA,11115,"Trichosurus cunninghami",147.9887076,37.2682238,184
"ARI BBRR 06","BW",1,"11/02/2022","21:52:00","-37.2677683,147.9878833","Sugar Glider","","",NA,"left",115,"Yes",NA,100,337,"h","grey","idle","Eucalyptus ",1,"",1,0,NA,11138,"Petaurus breviceps",147.9878833,37.2677683,185
"ARI BBRR 06","BW",1,"11/02/2022","21:46:00","-37.2673733,147.9866567","Southern Greater Glider","ARI BBRR 6 1","37.267137",147.986505,"left",115,"Yes",NA,15.2,215,"s","brown","idle","Eucalyptus radiata",1,"",1,0,NA,11133,"Petauroides volans",147.9866567,37.2673733,186
"ARI BBRR 06","BW",1,"11/02/2022","21:01:00","-37.2658967,147.9861083","Yellow-bellied Glider","","",NA,"right",205,"Yes",NA,100,5,"h","grey","idle","Eucalyptus ",1,"",1,0,NA,11136,"Petaurus australis",147.9861083,37.2658967,187
"ARI BBRR 06","BW",1,"11/02/2022","21:01:00","-37.2657917,147.985995","Southern Boobook","","",NA,"right",205,"Yes",NA,100,5,"h","grey","idle","Eucalyptus ",1,"",1,0,NA,10242,"Ninox boobook",147.985995,37.2657917,188
"ARI BBRR 14","BW",1,"9/02/2022","23:09:00","-37.3694433,147.739455","Southern Greater Glider","ARI BBRR 14 4","37.369463",147.739984,"left",335,"No",19,26.5,505,"s","brown","idle","Eucalyptus obliqua ",2,"second animal on separate tree",1,0,NA,11133,"Petauroides volans",147.739455,37.3694433,189
"ARI BBRR 14","AS",2,"9/02/2022","22:58:00","-37.3713433,147.7400733","Southern Greater Glider","ari bbr 14 gg4","37.371115",147.740565,"left",335,"Yes",NA,46,300,"s","grey","idle","Eucalyptus delegatensis ",1,"",1,1,1,11133,"Petauroides volans",147.7400733,37.3713433,190
"ARI BBRR 14","AS",2,"9/02/2022","22:37:00","-37.3718133,147.7418817","Southern Greater Glider","ari bbr 14 gg3","37.371847",147.741814,"right",245,"Yes",NA,22.9,125,"s","grey","idle","Eucalyptus cypellocarpa",1,"",0,1,NA,11133,"Petauroides volans",147.7418817,37.3718133,191
"ARI BBRR 14","BW",1,"9/02/2022","22:36:00","-37.3711033,147.7410683","Southern Boobook","ARI BBRR 14 3","37.371161",147.7404049,"left",335,"Yes",NA,200,310,"h","brown","idle","",1,"",1,0,NA,10242,"Ninox boobook",147.7410683,37.3711033,192
"ARI BBRR 14","BW",1,"9/02/2022","22:32:00","-37.37132,147.7405467","Southern Greater Glider","ARI BBRR 14 3","37.371161",147.7404049,"left",335,"Yes",NA,45.2,310,"s","brown","idle","Eucalyptus delegatensis",1,"",1,1,1,11133,"Petauroides volans",147.7405467,37.37132,193
"ARI BBRR 14","AS",2,"9/02/2022","22:31:00","-37.3718917,147.7420683","Southern Greater Glider","ari bbr 14 gg2","37.371997",147.741818,"left",245,"Yes",NA,56,115,"s","black","moving","Eucalyptus ",1,"",0,1,NA,11133,"Petauroides volans",147.7420683,37.3718917,194
"ARI BBRR 14","BW",1,"9/02/2022","22:24:00","-37.3715617,147.74088","Southern Greater Glider","ARI BBRR 14 2","37.371421",147.740638,"right",335,"Yes",NA,34.8,266,"s","grey","idle","Eucalyptus radiata ",1,"",1,0,NA,11133,"Petauroides volans",147.74088,37.3715617,195
"ARI BBRR 14","AS",2,"9/02/2022","22:02:00","-37.37175,147.7729967","Southern Greater Glider","ari bbr 14 gg1","37.371718",147.742792,"left",245,"Yes",NA,23,30,"s","grey","idle","Eucalyptus cypellocarpa",1,"",1,1,1,11133,"Petauroides volans",147.7729967,37.37175,196
"ARI BBRR 14","BW",1,"9/02/2022","21:54:00","-37.3716867,147.7429517","Southern Greater Glider","ARI BBRR 14 1","37.371812",147.742752,"left",245,"Yes",NA,12.4,32,"s","brown","idle","Eucalyptus obliqua ",1,"",1,1,1,11133,"Petauroides volans",147.7429517,37.3716867,197
"ARI BBRR 14","BW",1,"9/02/2022","21:51:00","-37.3718483,147.742945","Yellow-bellied Glider","","",NA,"right",245,"Yes",NA,100,15,"h","grey","idle","Eucalyptus ",1,"",1,0,NA,11136,"Petaurus australis",147.742945,37.3718483,198
"ARI BBRR 03","AS",2,"29/01/2022","22:08:00","-37.3681017,147.553345","Eastern Ring-tailed Possum","","",NA,"left",240,"Yes",NA,25,245,"s","grey","idle","Eucalyptus ",1,"",0,1,NA,11129,"Pseudocheirus peregrinus",147.553345,37.3681017,199
"ARI BBRR 03","AS",2,"29/01/2022","21:51:00","-37.3692617,147.55428","Mountain Brush-tailed Possum","","",NA,"left",240,"Yes",NA,10,130,"s","grey","idle","Eucalyptus ",1,"",1,0,NA,11115,"Trichosurus cunninghami",147.55428,37.3692617,200
"ARI BBRR 03","AS",2,"29/01/2022","21:47:00","-37.3694433,147.5539217","Mountain Brush-tailed Possum","","",NA,"left",240,"Yes",NA,10,130,"s","grey","idle","acacia ",2,"",0,1,NA,11115,"Trichosurus cunninghami",147.5539217,37.3694433,201
"ARI BBRR 03","KH",1,"29/01/2022","21:46:00","-37.3680133,147.553515","Sugar Glider","","",NA,"right",290,"Yes",NA,NA,450,"s","grey","moving","Eucalyptus ",1,"",1,0,NA,11138,"Petaurus breviceps",147.553515,37.3680133,202
"ARI BBRR 12","KH",1,"28/01/2022","0:11:00","-37.35971,147.942135","Sugar Glider","","",NA,"right",0,"Yes",NA,NA,480,"s","grey","idle","Eucalyptus ",1,"",1,0,NA,11138,"Petaurus breviceps",147.942135,37.35971,203
"T15P2","BW",1,"18/12/2021","23:02:00","-37.7061692,148.470391","Sugar Glider","","",NA,"right",12,"Yes",NA,150,490,"h","grey","idle","Eucalyptus ",1,"",1,0,NA,11138,"Petaurus breviceps",148.470391,37.7061692,204
"T15P2","KH",2,"18/12/2021","22:52:00","-37.6455006,148.2177512","Tawny Frogmouth","","",NA,"left",12,"Yes",NA,NA,290,"h","grey","idle","Eucalyptus ",1,"",1,0,NA,10313,"Podargus strigoides",148.2177512,37.6455006,205
"T15P2","KH",2,"18/12/2021","22:42:00","-37.6455006,148.2177512","Southern Boobook","","",NA,"right",12,"Yes",NA,NA,170,"h","grey","idle","Eucalyptus ",1,"",1,0,NA,10242,"Ninox boobook",148.2177512,37.6455006,206
"T15P2","BW",1,"18/12/2021","22:28:00","-37.7061692,148.470391","Australian Owlet-nightjar","","",NA,"right",12,"No",240,25,162,"s","grey","idle","Eucalyptus ",1,"",1,0,NA,10317,"Aegotheles cristatus",148.470391,37.7061692,207
"T15P2","BW",1,"18/12/2021","22:16:00","-37.7061692,148.470391","Tawny Frogmouth","","",NA,"right",12,"Yes",NA,150,95,"h","grey","idle","Eucalyptus ",1,"",1,0,NA,10313,"Podargus strigoides",148.470391,37.7061692,208
"T1P5","BW",2,"17/12/2021","23:25:00","-37.7059101,148.4706298","Tawny Frogmouth","","",NA,"right",180,"Yes",NA,150,262,"h","grey","idle","Eucalyptus ",1,"",1,0,NA,10313,"Podargus strigoides",148.4706298,37.7059101,209
"T1P5","BW",2,"17/12/2021","23:02:00","-37.7059101,148.4706298","Tawny Frogmouth","","",NA,"right",0,"Yes",NA,NA,66,"h","grey","idle","Eucalyptus ",1,"",1,0,NA,10313,"Podargus strigoides",148.4706298,37.7059101,210
"T1P1","BW",2,"17/12/2021","22:14:00","-37.7059101,148.4706298","Southern Boobook","","",NA,"right",88,"Yes",NA,200,400,"h","grey","idle","Eucalyptus ",1,"",1,0,NA,10242,"Ninox boobook",148.4706298,37.7059101,211
"T1P1","KH",1,"17/12/2021","21:38:00","-37.7061608,148.4703934","Southern Boobook","","",NA,"right",178,"No",NA,NA,230,"h","grey","idle","Eucalyptus ",1,"",1,0,NA,10242,"Ninox boobook",148.4703934,37.7061608,212
"T1P1","BW",2,"17/12/2021","21:34:00","-37.7059101,148.4706298","Southern Boobook","","",NA,"right",178,"Yes",NA,150,0,"h","grey","idle","Eucalyptus ",1,"",1,0,NA,10242,"Ninox boobook",148.4706298,37.7059101,213
"T15P4","BW",1,"15/12/2021","22:15:00","-37.7061547,148.4703897","Tawny Frogmouth","","",NA,"left",336,"Yes",NA,100,350,"h","grey","idle","Eucalyptus ",1,"",1,0,NA,10313,"Podargus strigoides",148.4703897,37.7061547,214
"T15P4","KH",2,"15/12/2021","22:03:00","-37.6257291,148.2187131","Tawny Frogmouth","","",NA,"right",66,"Yes",NA,NA,123,"h","grey","idle","Eucalyptus ",1,"",0,1,NA,10313,"Podargus strigoides",148.2187131,37.6257291,215
"T15P4","KH",2,"15/12/2021","21:52:00","-37.6257291,148.2187131","Yellow-bellied Glider","","",NA,"left",66,"Yes",NA,NA,50,"h","grey","idle","Eucalyptus ",1,"",0,1,NA,11136,"Petaurus australis",148.2187131,37.6257291,216
"T15P4","BW",1,"15/12/2021","21:45:00","-37.7061547,148.4703897","Tawny Frogmouth","","",NA,"right",66,"Yes",NA,100,110,"h","grey","idle","Eucalyptus ",1,"",1,0,NA,10313,"Podargus strigoides",148.4703897,37.7061547,217
"T15P4","BW",1,"15/12/2021","21:42:00","-37.7061547,148.4703897","Yellow-bellied Glider","","",NA,"left",66,"Yes",NA,100,89,"h","grey","idle","Eucalyptus ",1,"",1,0,NA,11136,"Petaurus australis",148.4703897,37.7061547,218
"T15P1","BW",1,"14/12/2021","22:12:00","-37.7059035,148.4706381","Tawny Frogmouth","","",NA,"left",140,"Yes",NA,NA,490,"s","grey","idle","Eucalyptus ",1,"",1,0,NA,10313,"Podargus strigoides",148.4706381,37.7059035,219
"T15P1","KH",2,"14/12/2021","21:35:00","-37.7929855,148.1865259","Yellow-bellied Glider","","",NA,"left",50,"Yes",NA,NA,8,"h","grey","idle","Eucalyptus ",1,"",1,0,NA,11136,"Petaurus australis",148.1865259,37.7929855,220
"T15P1","BW",1,"14/12/2021","21:23:00","-37.7059035,148.4706381","Yellow-bellied Glider","","",NA,"left",50,"Yes",NA,150,18,"h","grey","idle","Eucalyptus ",1,"",1,0,NA,11136,"Petaurus australis",148.4706381,37.7059035,221
"T15P5","BW",1,"13/12/2021","23:40:00","-37.7660526,148.1787724","Sugar Glider",NA,NA,NA,"left",275,"Yes",NA,100,500,"h","grey","idle","Eucalyptus ",1,"",1,0,NA,11138,"Petaurus breviceps",148.1787724,37.7660526,222
"T15P5","BW",1,"13/12/2021","23:10:00","-37.7660526,148.1787724","Common Brush-tailed Possum",NA,NA,NA,"left",275,"No",269,20,383,"s","grey","idle","Eucalyptus ",2,"",1,0,NA,11113,"Trichosurus vulpecula",148.1787724,37.7660526,223
"T15P5","BW",1,"13/12/2021","23:05:00","-37.7660526,148.1787724","Dingo & Dog (feral)",NA,NA,NA,"right",275,"Yes",NA,100,358,"h","black","idle","Eucalyptus ",2,"",1,0,NA,11531,"Canis familiaris",148.1787724,37.7660526,224
"T15P5","BW",1,"13/12/2021","22:55:00","-37.7660526,148.1787724","Southern Greater Glider","T15P5-2","37.7761",148.180631,"left",275,"Yes",NA,27.6,315,"s","brown","idle","Eucalyptus obliqua ",2,"",1,0,NA,11133,"Petauroides volans",148.1787724,37.7660526,225
"T15P5","BW",1,"13/12/2021","22:41:00","-37.7660526,148.1787724","Southern Boobook",NA,NA,NA,"left",275,"Yes",NA,100,260,"h","black","idle","Eucalyptus ",1,"",1,0,NA,10242,"Ninox boobook",148.1787724,37.7660526,226
"T15P5","BW",1,"13/12/2021","22:32:00","-37.7660526,148.1787724","Tawny Frogmouth",NA,NA,NA,"right",275,"Yes",NA,50,300,"h","black","idle","Eucalyptus ",1,"",1,0,NA,10313,"Podargus strigoides",148.1787724,37.7660526,227
"T15P5","KH",2,"13/12/2021","22:16:00","-37.7660526,148.1787724","Sugar Glider","T15P5-1","37.776609",148.18252,"left",185,"Yes",NA,10,139,"s","grey","idle","Eucalyptus obliqua ",1,"",1,1,1,11138,"Petaurus breviceps",148.1787724,37.7660526,228
